Pattern,Position
ATTCG,1162
ACTTCAA,16173
CTGCT,189
GCCTA,1525
ATTCG,6332
AGAGT,2181
CTGCT,951
GCCTA,2059
ACATAGG,1553
ACTTCAA,23186
CGTTA,8046
AAGCG,3579
ATTCG,10228
CCAGCG,8781
AGAGT,2282
CTGCT,1706
GCCTA,2447
ACTTCAA,24402
CGTTA,8406
AAGCG,18900
ATTCG,21893
AGAGT,2774
CTGCT,1883
CCAGCG,29198
GCCTA,2839
ACTTCAA,24561
CGTTA,9121
AAGCG,19797
AGAGT,3081
CTGCT,1925
ATTCG,26252
GCCTA,5410
AAGCG,20665
AGAGT,3659
AGAGT,3751
CTGCT,3161
CGTTA,12767
GCCTA,6980
ATTCG,28552
AGAGT,3845
CTGCT,3164
CGTTA,14292
GCCTA,7872
AGAGT,5322
CTGCT,4154
TCCTTT,7561
TCGAG,18310
GCGAT,1265
CGTTA,14808
GCCTA,9445
AGAGT,5500
CTGCT,4649
TCCTTT,8603
GCGAT,8264
TCGAG,28473
CGTTA,22857
GCCTA,14165
AGAGT,6607
CTGCT,5342
CTGCT,5384
GCGAT,14791
GACTTA,694
TCGAG,29752
GCCTA,15317
CGTTA,26275
GTCGAT,820
AGAGT,6875
TCCTTT,9775
CTGCT,5696
GCGAT,16534
GCCTA,17116
GACTTA,6148
AGAGT,7239
CTGCT,6113
TCCTTT,13222
CTGTG,83
GCCTA,17210
AGAGT,7522
GACTTA,7797
CTGCT,6554
CTGTG,834
GCGAT,28377
GTCGAT,19203
TCCTTT,23031
AGAGT,8923
GCCTA,19183
CTGCT,6647
CTGTG,1488
GACTTA,10579
GTCGAT,20943
GACTTA,13294
GCCTA,20690
AGAGT,8973
TAGCCG,15175
CTGCT,7007
CTGTG,1733
TCCTTT,24500
GACTTA,14217
GCCTA,20924
AGAGT,9184
CTGCT,7220
TCCTA,3882
CTGTG,1779
TCCTTT,24978
GACTTA,14533
GCCTA,22185
AGAGT,10052
CTGCT,8459
TCCTA,4792
CTGTG,1937
GACTTA,17515
TTACCC,770
TGACA,153
GCCTA,23641
AGAGT,11051
CTGCT,8615
TCCTA,4807
CTGTG,2226
GACTTA,20013
TTACCC,1342
TGACA,930
TCGAGGG,18310
AGAGT,11383
GCCTA,26633
ACAGAG,2521
CTGCT,9011
TCCTA,4884
CTGTG,2262
GACTTA,21493
TGACA,1053
TTACCC,4248
AGAGT,11902
GCCTA,27013
ACAGAG,3933
TCCTA,5181
CTGTG,2661
TGACA,1605
AGAGT,12102
GACTTA,24756
GCCTA,27881
CTGCT,9950
ACAGAG,5363
CTGTG,2750
TGACA,2745
AGAGT,12857
GCCTA,29373
TTACCC,15929
CTGCT,10682
ACAGAG,5986
TCCTA,5847
CTGTG,2880
TGACA,3369
GCCTA,29527
TTACCC,16037
AGAGT,14198
CTGCT,10814
ACAGAG,7061
TCCTA,6426
CTGTG,4157
TGACA,3813
GCCTA,29785
GAATGCA,1195
TTACCC,18242
AGAGT,16823
CTGCT,11129
ACAGAG,9941
TCCTA,7710
CTGTG,4437
TGACA,4035
AGAGT,17098
TTACCC,20642
CTGCT,11231
TCCTA,9156
TGACA,4080
AGAGT,17255
CTGTG,7638
TTACCC,21631
ACAGAG,16714
CTGCT,12140
TGACA,4086
TCCTA,10338
AGAGT,18441
TTACCC,21672
CTGTG,9318
GAATGCA,23803
ACAGAG,18574
CTGCT,12668
TGACA,4923
AGAGT,18576
TCCTA,12930
CTGTG,9802
CTGCT,12746
TGACA,5027
AGAGT,19248
TTACCC,28405
TCCTA,13278
ACAGAG,21514
CTGTG,10518
CTGCT,13091
TGACA,5136
AGAGT,19618
TCCTA,13582
ACAGAG,23084
CTGTG,11307
CTGCT,14563
AGAGT,19995
TGACA,8247
TCCTA,15296
CTGTG,11360
CTGCT,14572
AGAGT,20206
TGACA,8312
ACAGAG,29368
TCCTA,15949
CTGCT,14584
CTGTG,13071
AGAGT,20853
TGACA,8489
TCCTA,16055
CTGCT,14782
CTGTG,13343
AGAGT,21516
TGACA,8718
TCCTA,18095
CTGCT,15499
CTGTG,14015
AGAGT,22033
TGACA,8766
TCCTA,18926
CTGTG,14707
CTGCT,17137
AGAGT,22516
TGACA,8805
TCCTA,20426
CTGCT,17440
AGAGT,23086
CTGTG,17587
TGACA,9114
TCCTA,21378
CTGCT,17569
AGAGT,24651
TGACA,9599
CTGTG,19867
TCCTA,21809
CTGCT,17746
AGAGT,24676
TGACA,10611
CTGTG,20805
TCCTA,22548
CTGCT,18694
AGAGT,25738
TGACA,10794
CTGTG,21951
TCCTA,22661
CTGCT,19216
AGAGT,26448
TGACA,11255
CTGTG,22431
TCCTA,22710
CTGCT,19447
AGAGT,27455
TGACA,11348
CTGTG,22641
TCCTA,23451
CTGCT,19858
AGAGT,28034
TGACA,11408
CTGTG,24936
CTGCT,20937
AGAGT,28219
TCCTA,25922
TGACA,11952
CTGTG,25988
CTGCT,21427
TCCTA,26598
TGACA,12759
CTGTG,26946
CTGCT,22731
TGACA,13544
TCCTA,28003
CTGTG,26995
CTGCT,24095
TGACA,13625
CTGCT,24623
CTGTG,29444
TGACA,13763
CTGCT,24635
TGACA,13856
CTGCT,24791
TGACA,14053
CTGCT,25317
TGACA,14210
CTGCT,25684
TGACA,14348
CTGCT,26369
TGACA,15650
CTGCT,26724
TGACA,16712
CTGCT,27803
TGACA,16915
CTGCT,28724
TGACA,17582
CTGCT,28892
TGACA,17981
CTGCT,28922
TGACA,18125
CTGCT,28936
TGACA,18158
CTGCT,28939
TGACA,18551
CTGCT,29021
TGACA,18572
CTGCT,29024
TGACA,18613
CTGCT,29459
TGACA,19109
TGACA,19160
TGACA,19241
TGACA,19382
TGACA,19934
TGACA,21392
TGACA,21678
TGACA,23271
TGACA,23316
TGACA,23547
TGACA,24038
TGACA,24513
TGACA,25062
TGACA,25250
TGACA,26998
TGACA,27163
TGACA,27192
TGACA,28944
TGACA,29292
TGACA,29866
